Step,nbafl-avg,nbafl-min,nbafl-max,adaclip1-avg,adaclip1-min,adaclip1-max,fixdps-avg,fixdps-min,fixdps-max,mapas-avg,mapas-min,mapas-max
17,4.208572747,3.879631689,4.378982067,4.215454704,3.913704221,4.371311665,4.16670766,3.628013993,4.375013999,4.190238468,3.838055514,4.371311665
19,4.186643218,3.879631689,4.367104485,4.20842745,3.913704221,4.361348225,4.074386058,3.628013993,4.375013999,4.110835665,3.838055514,4.361348225
48,4.01187435,3.842797879,4.31319348,4.058285082,3.910921119,4.350229904,3.950439099,3.628013993,4.375013999,3.903707643,3.739964157,4.133103257
55,3.980962251,3.786895392,4.31319348,4.040054037,3.859011088,4.350229904,3.775179458,3.315372961,4.375013999,3.834057806,3.629106003,4.133103257
63,3.928060612,3.786895392,4.154488564,4.015897253,3.859011088,4.277759552,3.514300915,3.070621284,3.833738303,3.567516601,3.333479643,3.739964157
100,3.908270425,3.78342732,4.154488564,3.9887115,3.829363859,4.277759552,3.429452636,3.070621284,3.833738303,3.45414264,3.333479643,3.629106003
149,3.905997176,3.780075645,4.154488564,3.970454779,3.804240925,4.277759552,3.253391683,2.953433538,3.723758035,3.327970807,3.250590504,3.399842275
170,3.772017465,3.752549431,3.78342732,3.803109767,3.775724515,3.829363859,3.049976324,2.70668124,3.315372961,3.238208677,3.064193254,3.399842275
224,3.891752838,3.752549431,4.142633438,3.884389032,3.775724515,4.073201656,2.971142479,2.70668124,3.203772598,3.086734356,2.945419312,3.250590504
256,3.966003903,3.752549431,4.142633438,3.934887384,3.775724515,4.073201656,2.885101632,2.640417051,3.203772598,3.034138822,2.945419312,3.092803902
276,4.082019092,4.00282884,4.142633438,3.99645704,3.95573598,4.073201656,2.794235772,2.640417051,2.953433538,2.926491243,2.741250515,3.092803902
291,3.955770191,3.763886735,4.100594997,3.888173126,3.748349916,3.960433483,2.771142047,2.640417051,2.921203735,2.927414934,2.741250515,3.092803902
310,3.964532413,3.763886735,4.100594997,3.85964247,3.748349916,3.960433483,2.823904043,2.640417051,2.970491221,2.860374314,2.741250515,2.948190386
313,3.967703062,3.763886735,4.110106945,3.786378666,3.740642071,3.870144011,2.743432741,2.518847226,2.970491221,2.808988673,2.587093592,2.948190386
343,4.066877944,4.029115506,4.110106945,3.737616897,3.60206461,3.870144011,2.79212281,2.518847226,2.970491221,2.661719048,2.506381512,2.891682041
387,3.983806153,3.779900133,4.110106945,3.68690861,3.60206461,3.740642071,2.792215878,2.518847226,2.970491221,2.641136097,2.506381512,2.829933186
455,3.93142199,3.779900133,4.061411381,3.6931199,3.60206461,3.75927594,2.705057937,2.402175211,2.970491221,2.679951786,2.506381512,2.829933186
472,3.828160925,3.751628184,3.952954457,3.723545137,3.693340322,3.75927594,2.653391919,2.402175211,2.883867392,2.753195553,2.70354066,2.829933186
491,3.937398417,3.751628184,4.10761261,3.667460855,3.549766302,3.75927594,2.652003332,2.402175211,2.883867392,2.653793755,2.531727791,2.726112814
493,3.883381035,3.751628184,4.10761261,3.652934146,3.549766302,3.715695815,2.578917491,2.402175211,2.749908636,2.680397806,2.531727791,2.783352813
517,3.894357283,3.784556927,4.10761261,3.659886012,3.549766302,3.715695815,2.568532867,2.402175211,2.712161132,2.683084677,2.531727791,2.783352813
525,3.864749977,3.784556927,4.018790692,3.690382179,3.641254803,3.715695815,2.595421552,2.511904288,2.712161132,2.781709717,2.734173428,2.82760291
571,3.977288733,3.784556927,4.128518581,3.620533974,3.506151199,3.714195919,2.567431149,2.511904288,2.697985514,2.655850152,2.405774117,2.82760291
595,4.054180597,4.015232518,4.128518581,3.597857644,3.506151199,3.64616693,2.552549048,2.437493784,2.697985514,2.662485779,2.405774117,2.82760291
650,4.045265998,3.992046894,4.128518581,3.61736826,3.506151199,3.69978665,2.575437153,2.437493784,2.697985514,2.569412248,2.405774117,2.754080309
651,3.99647487,3.982145198,4.015232518,3.649644118,3.602978774,3.69978665,2.531144616,2.437493784,2.632878717,2.685266656,2.548382317,2.754080309
653,4.01710906,3.982145198,4.077135086,3.590600032,3.469034672,3.69978665,2.572245294,2.437493784,2.742122025,2.53801886,2.312336922,2.75333734
711,3.942659945,3.76869955,4.077135086,3.578080449,3.469034672,3.6622279,2.565382071,2.437493784,2.742122025,2.553975217,2.312336922,2.75333734
733,3.871387434,3.768327666,4.077135086,3.593688316,3.469034672,3.6622279,2.562500522,2.423086037,2.742122025,2.466389503,2.312336922,2.59625139
823,3.833693694,3.768327666,3.964053864,3.669404788,3.649802375,3.69618409,2.526724606,2.423086037,2.742122025,2.481367766,2.35727171,2.59625139
842,3.838116017,3.768327666,3.964053864,3.666804967,3.649802375,3.69618409,2.52358209,2.423086037,2.742122025,2.467230036,2.35727171,2.553838201
881,3.844223824,3.78196652,3.964053864,3.661799143,3.634784904,3.69618409,2.414816431,2.198293729,2.537893001,2.477388027,2.35727171,2.553838201
896,3.774623828,3.755253875,3.786651088,3.638063828,3.624978143,3.654428435,2.418880839,2.198293729,2.558215042,2.496967092,2.416008905,2.553838201
977,3.846316292,3.755253875,3.997043914,3.610137068,3.570648158,3.634784904,2.41403788,2.198293729,2.558215042,2.531957122,2.416008905,2.658808293
986,3.836085943,3.755253875,3.997043914,3.606609252,3.570648158,3.624978143,2.364782773,2.198293729,2.558215042,2.522381863,2.416008905,2.658808293
991,3.924182375,3.755960041,4.019543171,3.546908817,3.445876837,3.624201455,2.391829325,2.198293729,2.596043011,2.429350074,2.136913538,2.658808293
1019,3.850055696,3.755960041,4.019543171,3.546499559,3.445876837,3.624201455,2.394279753,2.207723607,2.596043011,2.336052429,2.136913538,2.49232839
1038,3.936484525,3.774663877,4.019543171,3.540726772,3.445876837,3.606883093,2.405187308,2.207723607,2.612752815,2.281809732,2.136913538,2.37891536
1091,3.914419275,3.774663877,4.015246528,3.591955521,3.569420386,3.606883093,2.421190012,2.207723607,2.612752815,2.316045942,2.239622167,2.37891536
1116,4.025228618,3.953347421,4.107091904,3.538155239,3.408019543,3.606883093,2.469791487,2.210545869,2.612752815,2.248722002,2.176943541,2.329600299
1159,4.02044045,3.953347421,4.107091904,3.493025499,3.408019543,3.599563083,2.436758335,2.210545869,2.612752815,2.324894813,2.176943541,2.558118731
1173,3.957235387,3.76373223,4.107091904,3.453536274,3.408019543,3.481095408,2.501602418,2.430877247,2.612752815,2.362157532,2.176943541,2.558118731
1212,3.917129307,3.76373223,4.000882026,3.508247487,3.471493872,3.572153182,2.453355847,2.371519961,2.534766287,2.394520015,2.274030991,2.558118731
1225,3.928907384,3.76373223,4.036216259,3.469006043,3.353769541,3.572153182,2.42625722,2.343391617,2.534766287,2.245529335,2.111146688,2.351410324
1232,4.08101485,3.986773663,4.220054626,3.420219531,3.33473587,3.572153182,2.365997275,2.149431263,2.534766287,2.15903491,2.091927052,2.274030991
1269,4.009760447,3.773010455,4.220054626,3.388984519,3.33473587,3.478448147,2.350897869,2.149431263,2.534766287,2.205108322,2.091927052,2.412251227
1321,3.924695112,3.773010455,4.220054626,3.424142742,3.33473587,3.478448147,2.376284538,2.149431263,2.66169963,2.297236403,2.091927052,2.412251227
1328,3.847386786,3.773010455,3.988129647,3.437838455,3.375823008,3.478448147,2.384742231,2.149431263,2.66169963,2.4434903,2.387530931,2.53068874
1369,3.937920611,3.781020256,4.044611931,3.377771757,3.298248053,3.45924421,2.35270426,2.149431263,2.66169963,2.329110896,2.069113016,2.53068874
1372,3.931249031,3.761005515,4.044611931,3.345360857,3.298248053,3.375823008,2.462532018,2.183201764,2.698570053,2.303385735,2.069113016,2.53068874
1382,3.935114965,3.761005515,4.044611931,3.336555574,3.298248053,3.362011511,2.473910915,2.183201764,2.698570053,2.302957302,2.069113016,2.529403441
1402,3.843300337,3.761005515,3.99972745,3.353556149,3.349249778,3.362011511,2.404222661,2.183201764,2.698570053,2.378180077,2.294781339,2.529403441
1436,3.936656193,3.769168046,4.041073084,3.382479524,3.349249778,3.448781638,2.439337596,2.183201764,2.698570053,2.350725441,2.227991543,2.529403441
1458,3.860503925,3.769168046,4.041073084,3.367293035,3.303847689,3.448781638,2.427848183,2.1257547,2.698570053,2.268025982,2.227991543,2.294781339
1465,3.953175737,3.771270645,4.047183482,3.342536527,3.274980255,3.448781638,2.413587791,2.1257547,2.627268094,2.323710786,2.227991543,2.461835751
1499,3.984500998,3.771270645,4.135048866,3.256360798,3.19025445,3.303847689,2.464469578,2.1257547,2.666683633,2.271372755,2.070977449,2.461835751
1507,4.061030409,4.000858877,4.135048866,3.301455895,3.19025445,3.439132981,2.417042161,2.076121281,2.666683633,2.246802713,2.070977449,2.461835751
1512,3.965001887,3.759097919,4.135048866,3.304750786,3.19025445,3.439132981,2.366209511,2.076121281,2.666683633,2.189402221,2.070977449,2.289634276
1518,3.90487894,3.759097919,4.000858877,3.327233532,3.25770269,3.439132981,2.431006839,2.076121281,2.666683633,2.326569528,2.207594939,2.48247937
1533,3.894595105,3.759097919,3.970007372,3.314321365,3.25770269,3.400396478,2.326672547,2.076121281,2.666683633,2.31728599,2.179744324,2.48247937
1554,3.893191777,3.754887935,3.970007372,3.312406316,3.25770269,3.400396478,2.259598066,2.076121281,2.449741341,2.316924376,2.179744324,2.48247937
1557,3.914305948,3.754887935,4.018022537,3.257834335,3.09398675,3.400396478,2.312117303,2.105596633,2.449741341,2.171755265,2.046972036,2.288549434
1565,3.931953291,3.754887935,4.022949402,3.196911167,3.09398675,3.279119779,2.271725046,2.105596633,2.449741341,2.26714638,2.046972036,2.465917669
1611,3.931772946,3.754346899,4.022949402,3.179396429,3.09398675,3.226575563,2.242154974,2.105596633,2.338717465,2.256866422,2.046972036,2.465917669
1641,3.853556638,3.754346899,4.022949402,3.260435379,3.217626973,3.337103602,2.273257964,2.133258561,2.338717465,2.359350254,2.25770956,2.465917669
1645,3.847946531,3.754346899,4.00611908,3.252338226,3.193335512,3.337103602,2.335047742,2.133258561,2.640260118,2.352863273,2.25770956,2.446456725
1650,3.973176667,3.783373614,4.130037308,3.206540576,3.089182615,3.337103602,2.336420731,2.133258561,2.640260118,2.278686306,2.035178661,2.446456725
1671,3.960975517,3.746770164,4.130037308,3.16977878,3.089182615,3.226818213,2.356044133,2.231375573,2.640260118,2.245083582,2.035178661,2.446456725
1677,3.880740637,3.746770164,4.130037308,3.208976733,3.089182615,3.310929372,2.413098454,2.231375573,2.640260118,2.207233812,2.035178661,2.332907415
1700,3.764229724,3.746770164,3.780504569,3.273950554,3.226818213,3.310929372,2.386079403,2.126016332,2.640260118,2.303749839,2.25361536,2.332907415
1708,3.848688337,3.765414438,4.000146002,3.291677794,3.279999935,3.310929372,2.333114093,2.126016332,2.587162587,2.257972721,2.116284006,2.332907415
1765,3.846007721,3.757372592,4.000146002,3.281871065,3.279999935,3.284104076,2.315970206,2.126016332,2.587162587,2.256195769,2.116284006,2.327576557
1784,3.840518024,3.757372592,4.000146002,3.247062928,3.179679665,3.281509184,2.288218908,2.092619082,2.587162587,2.227603858,2.116284006,2.327576557
1799,3.858046211,3.757372592,4.05273056,3.17582172,3.066276312,3.281509184,2.295764649,2.092619082,2.624891295,2.199975398,2.033398628,2.327576557
1801,3.921015704,3.764035479,4.05273056,3.183715313,3.066276312,3.305189961,2.348336094,2.092619082,2.624891295,2.140048359,2.033398628,2.23895101
1808,3.997572419,3.946281072,4.05273056,3.17597158,3.066276312,3.305189961,2.314420693,2.092619082,2.624891295,2.194379175,2.033398628,2.401943459
1820,3.902768712,3.76831944,3.993705625,3.208178938,3.156448468,3.305189961,2.276892243,2.072220721,2.624891295,2.258744659,2.147795438,2.401943459
1858,3.955668829,3.76831944,4.104981422,3.127479615,3.063091993,3.162898384,2.335038667,2.072220721,2.624891295,2.217599414,2.024359703,2.401943459
1861,3.881782947,3.76831944,4.104981422,3.159562253,3.063091993,3.252696381,2.224791263,2.072220721,2.388873554,2.184161425,2.024359703,2.301629491
1885,3.958765939,3.772047978,4.104981422,3.160717883,3.063091993,3.252696381,2.229515363,2.072220721,2.412494052,2.250372047,2.024359703,2.425126946
1888,3.908917484,3.772047978,3.999268418,3.220218717,3.166365274,3.252696381,2.239668584,2.072220721,2.412494052,2.274544487,2.096877024,2.425126946
1890,3.971090837,3.955436055,3.999268418,3.197419433,3.166365274,3.241594497,2.356259201,2.073654277,2.655173806,2.300536024,2.096877024,2.425126946
1917,3.96539543,3.955436055,3.982182198,3.215313225,3.184298527,3.241594497,2.325829624,2.073654277,2.655173806,2.196930042,2.096877024,2.379604102
1930,3.905216539,3.774899381,3.982182198,3.174937502,3.120467327,3.220046651,2.396791372,2.231203316,2.655173806,2.239049468,2.114308999,2.379604102
1947,3.84873462,3.774899381,3.982182198,3.189429365,3.120467327,3.227774116,2.376430504,2.231203316,2.655173806,2.211497047,2.114308999,2.29694684
1965,3.854421361,3.774899381,3.99924242,3.186859736,3.120467327,3.227774116,2.440985269,2.231203316,2.655173806,2.215648113,2.126762197,2.29694684
1972,3.856346281,3.780674142,3.99924242,3.213855613,3.201454958,3.227774116,2.368791275,2.231203316,2.579396493,2.232894572,2.126762197,2.29694684
1998,3.96912123,3.780674142,4.127447128,3.137964922,3.000102043,3.212337764,2.403362431,2.294203834,2.579396493,2.143821207,2.029726744,2.274974679
2012,3.957768488,3.780674142,4.127447128,3.115276791,3.000102043,3.201454958,2.338458578,2.103943756,2.579396493,2.225307413,2.029726744,2.371220814
2017,4.025425506,3.965184193,4.127447128,3.107045975,3.000102043,3.176762509,2.397523747,2.103943756,2.606015556,2.169947451,2.029726744,2.371220814
2033,4.009486429,3.965184193,4.079629898,3.104428537,2.992249727,3.176762509,2.381756676,2.103943756,2.606015556,2.17531163,2.045819283,2.371220814
2038,4.026083789,3.983645197,4.079629898,3.113941959,2.992249727,3.176762509,2.364760802,2.103943756,2.606015556,2.172026309,2.045819283,2.361364852
2050,3.952956534,3.76426343,4.079629898,3.084098741,2.992249727,3.17281364,2.395533218,2.103943756,2.606015556,2.20371119,2.045819283,2.361364852
2069,3.933383074,3.76426343,4.020909519,3.129963684,3.087232857,3.17281364,2.467580307,2.209224465,2.606015556,2.302810375,2.203949437,2.361364852
2111,3.850330499,3.76426343,4.020909519,3.131269305,3.087232857,3.176730502,2.450120553,2.209224465,2.557921175,2.270984402,2.203949437,2.343116836
2136,3.929945364,3.765818549,4.020909519,3.072767336,2.911726952,3.176730502,2.367632485,2.0881208,2.557921175,2.222110744,2.057328463,2.343116836
2145,3.842796906,3.759464143,4.003108025,3.055267779,2.911726952,3.176730502,2.397553041,2.0881208,2.557921175,2.172367479,2.057328463,2.265886932
2159,3.900677975,3.759464143,4.003108025,3.017933065,2.911726952,3.077345883,2.306785457,2.0881208,2.518716785,2.115395228,2.057328463,2.193887041
2165,3.825482602,3.759464143,3.939461757,3.095119803,3.064726361,3.143287164,2.339936913,2.0881208,2.629936485,2.184683322,2.094970182,2.265192743
2225,3.887400984,3.777521907,3.945219287,3.118703812,3.064726361,3.14809791,2.340513316,2.0881208,2.629936485,2.216638329,2.094970182,2.289752062
2238,3.960558914,3.777521907,4.158935547,3.044751293,2.842868805,3.14809791,2.411801319,2.104083251,2.629936485,2.200833497,2.047555685,2.289752062
2248,3.957987728,3.76980835,4.158935547,3.039829668,2.842868805,3.14809791,2.393423799,2.104083251,2.629936485,2.202172168,2.047555685,2.289752062
2311,3.977950418,3.76980835,4.158935547,3.027731087,2.842868805,3.128522289,2.505652787,2.266939641,2.665228194,2.20255372,2.047555685,2.290896718
2313,3.847467457,3.767486664,4.005107357,3.114936309,3.104484471,3.128522289,2.496438068,2.266939641,2.665228194,2.266373521,2.239015089,2.290896718
2341,3.930741519,3.767486664,4.019630536,3.077138413,3.015128599,3.111802167,2.411967628,2.099246601,2.665228194,2.203664214,2.081080835,2.290896718
2414,3.957631653,3.767486664,4.08577776,2.96457788,2.774120569,3.104484471,2.438042656,2.099246601,2.665228194,2.112836966,2.018414974,2.239015089
2427,3.956342881,3.763620346,4.08577776,2.927057985,2.774120569,3.015128599,2.429965028,2.099246601,2.665228194,2.102756064,2.018414974,2.208772384
2429,3.9583688,3.763620346,4.08577776,2.956188517,2.774120569,3.102520196,2.375700689,2.099246601,2.583862887,2.174757376,2.018414974,2.297084768
2464,3.922081721,3.763620346,4.025708294,3.057510234,2.991924787,3.102520196,2.283167338,2.099246601,2.574935956,2.260637268,2.208772384,2.297084768
2467,3.917188071,3.748939397,4.025708294,3.050023842,2.969465609,3.102520196,2.373139641,2.121196128,2.574935956,2.252274761,2.183684864,2.297084768
2514,3.95291109,3.748939397,4.13287735,2.92326782,2.722252131,3.07808572,2.328757469,2.121196128,2.549108117,2.143702689,1.971368551,2.276054651
2546,3.963245937,3.748939397,4.13287735,2.91704247,2.722252131,3.05940967,2.303137433,2.098451327,2.549108117,2.14884955,1.971368551,2.291495236
2569,3.968024506,3.763275105,4.13287735,2.916277299,2.722252131,3.05940967,2.241870042,2.087569542,2.549108117,2.146013634,1.971368551,2.291495236
2584,3.934187982,3.763275105,4.031367779,2.907215803,2.695067644,3.05940967,2.334121346,2.087569542,2.582452647,2.142043687,1.959458709,2.291495236
2603,3.854531359,3.763275105,4.031367779,2.903360811,2.695067644,3.047844694,2.290922689,2.087569542,2.582452647,2.118246072,1.959458709,2.220102391
2616,3.961508041,3.768951193,4.084205151,2.805022811,2.672156096,3.047844694,2.266641465,2.087569542,2.582452647,2.045982865,1.958387494,2.220102391
2617,3.940504591,3.768951193,4.084205151,2.888228535,2.672156096,3.047844694,2.258395263,2.05722032,2.582452647,2.081298857,1.958387494,2.220102391
2655,3.939223125,3.765106795,4.084205151,2.879146355,2.672156096,3.020598152,2.282870442,2.05722032,2.582452647,2.081010508,1.958387494,2.219237345
2659,3.904430685,3.765106795,3.97982783,3.020915974,2.944684816,3.097464954,2.177879935,2.05722032,2.333114835,2.182106698,2.065406686,2.261676062
2784,3.905901534,3.765106795,3.97982783,3.054808782,3.020598152,3.097464954,2.202715243,2.05722032,2.457291374,2.253715692,2.219237345,2.280233668
2800,4.010005537,3.972769977,4.077418804,2.887441331,2.518495798,3.097464954,2.164220208,2.039143799,2.457291374,2.169555,1.966755271,2.280233668
2901,3.938158414,3.76428646,4.077418804,2.85362774,2.518495798,3.04636324,2.202745847,2.039143799,2.457291374,2.149731918,1.966755271,2.280233668
2903,3.927348043,3.76428646,4.077418804,2.798511269,2.518495798,2.996024182,2.246051575,2.039143799,2.457291374,2.055570015,1.966755271,2.202206815
2910,3.821761443,3.760659003,3.940338866,2.929069575,2.881013826,2.996024182,2.345857276,2.039143799,2.556528614,2.11862957,1.997747959,2.202206815
2911,3.917905022,3.760659003,4.052717197,2.887230159,2.870505933,2.910170717,2.266082365,2.039143799,2.556528614,2.06689773,1.997747959,2.155933935
2914,3.961363035,3.760659003,4.070712904,2.941270235,2.870505933,3.043134056,2.26789968,2.048230372,2.556528614,2.15910455,2.047011296,2.274368417
2981,4.062596907,4.052717197,4.070712904,2.820433924,2.547661781,3.043134056,2.331515656,2.048230372,2.567928397,2.09873527,1.974826097,2.274368417
2987,4.04405945,3.997104828,4.070712904,2.87620287,2.547661781,3.043134056,2.257255752,2.048230372,2.567928397,2.173125482,1.974826097,2.274368417
3040,4.020092066,3.997104828,4.064360619,2.803466656,2.547661781,3.037812772,2.270913998,2.048230372,2.624819845,2.073668953,1.974826097,2.270181932
3060,4.026556547,3.997104828,4.083754063,2.797528523,2.529847383,3.037812772,2.264587864,2.026786152,2.624819845,2.07687616,1.975998829,2.270181932
3093,4.031502676,3.998810751,4.083754063,2.793519614,2.529847383,3.025786043,2.295276516,2.026786152,2.624819845,2.070051167,1.975998829,2.249706955
3131,4.081906277,4.011943214,4.150021553,2.693329056,2.524353743,3.025786043,2.263871379,2.026786152,2.624819845,2.071973274,1.981765151,2.249706955
3141,4.045154865,3.973499829,4.150021553,2.793987451,2.524353743,3.025786043,2.305539239,2.026786152,2.624819845,2.069845017,1.978062946,2.249706955
3190,4.038526612,3.973499829,4.150021553,2.798572073,2.524353743,3.039539909,2.294201161,2.026786152,2.568129454,2.066627244,1.978062946,2.240053635
3197,4.013701198,3.973499829,4.075545311,2.795109202,2.51396513,3.039539909,2.303001046,2.070785576,2.568129454,2.062721511,1.970047951,2.240053635
3230,4.021812917,3.992058454,4.075545311,2.793258167,2.51396513,3.039539909,2.36187481,2.070785576,2.568129454,2.062859588,1.970047951,2.240053635
3234,4.037172259,3.997834985,4.075545311,2.619734471,2.51396513,2.826269462,2.345585372,2.070785576,2.568129454,1.973283907,1.970047951,1.97847718
3245,4.003008236,3.973053241,4.038136482,2.795044586,2.518968821,3.039895474,2.328734472,2.070785576,2.568129454,2.064032057,1.97132659,2.2422924
3265,3.928900451,3.775511631,4.038136482,2.827509646,2.518968821,3.039895474,2.289822696,2.070785576,2.496042449,2.135741993,1.97132659,2.2422924
3270,3.911761779,3.775511631,3.986720465,2.917793536,2.78982049,3.039895474,2.285864047,2.050992334,2.496042449,2.137490563,1.976572297,2.2422924
3320,3.837735709,3.750975032,3.986720465,2.850252649,2.78982049,2.923664645,2.255077494,2.050992334,2.37357057,2.107067124,1.976572297,2.19360699
3360,3.904013038,3.750975032,3.986720465,2.798997616,2.769899546,2.837272812,2.219964535,2.050992334,2.37357057,2.027287802,1.954269025,2.151022084
3445,3.924380692,3.750975032,4.047823429,2.70110714,2.496149063,2.837272812,2.253305166,2.050992334,2.37357057,2.019094461,1.951992273,2.151022084
3446,3.929982301,3.767779858,4.047823429,2.725904376,2.496149063,2.911664519,2.243169728,2.050992334,2.345962515,2.026352071,1.951992273,2.172794914
3457,3.95237129,3.767779858,4.047823429,2.636504423,2.496149063,2.911664519,2.347781505,2.153890725,2.57405122,2.026201796,1.951992273,2.172794914
3475,3.859002422,3.767716825,4.041510582,2.769015411,2.501699686,2.911664519,2.347523271,2.153890725,2.57405122,2.098285684,1.953818202,2.172794914
3487,3.925316038,3.767716825,4.041510582,2.706953524,2.501699686,2.893682027,2.432651089,2.322893378,2.579529814,2.027077538,1.953818202,2.168243938
3507,3.83031185,3.75649802,3.966720706,2.808248056,2.725478857,2.893682027,2.400757285,2.186493496,2.579529814,2.095697372,1.959170475,2.168243938
3543,3.933655357,3.75649802,4.077747345,2.676171467,2.497452259,2.805583284,2.42405853,2.186493496,2.579529814,2.016658933,1.931128621,2.159677704
3555,3.866950113,3.75649802,4.077747345,2.702247849,2.497452259,2.805583284,2.385891678,2.186493496,2.579529814,2.075791269,1.931128621,2.159677704
3591,3.876970422,3.766604976,4.077747345,2.725549299,2.497452259,2.875487636,2.438160133,2.186493496,2.602160792,2.074801054,1.931128621,2.15670706
3601,3.851110915,3.766604976,4.000168823,2.80627252,2.739621922,2.875487636,2.338949129,2.083474794,2.602160792,2.070839578,1.919244194,2.15670706
3639,3.848999254,3.760269992,4.000168823,2.809540965,2.739621922,2.875487636,2.380940391,2.083474794,2.602160792,2.064008376,1.919244194,2.15670706
3642,3.963825191,3.760269992,4.131036758,2.680210545,2.487496376,2.813513336,2.399124668,2.083474794,2.602160792,1.989880976,1.919244194,2.116073874
3655,3.886547147,3.760269992,4.131036758,2.722331344,2.487496376,2.86598432,2.364488868,2.083474794,2.602160792,2.06410937,1.934324861,2.141929376
3667,3.981588482,3.768334691,4.131036758,2.69022296,2.487496376,2.86598432,2.278374055,2.083474794,2.530320988,1.99864971,1.919694894,2.141929376
3725,3.982143839,3.768334691,4.132702827,2.667207381,2.41844964,2.86598432,2.331559428,2.171586728,2.530320988,1.999696726,1.919694894,2.141929376
3732,4.078922864,4.045393997,4.132702827,2.699359786,2.41844964,2.962441535,2.282708413,2.152194728,2.530320988,2.025247035,1.919694894,2.218580305
3734,3.984317759,3.761578682,4.132702827,2.748914609,2.41844964,2.962441535,2.245696994,2.152194728,2.34940166,2.10107667,1.937465906,2.218580305
3736,3.95628482,3.761578682,4.058671766,2.737639715,2.384624958,2.962441535,2.215239515,2.057750566,2.34940166,2.100468901,1.9356426,2.218580305
3786,3.863000642,3.761578682,4.048604012,2.704301658,2.384624958,2.865852651,2.189183942,2.041308861,2.34940166,2.077089185,1.9356426,2.148441156
3822,3.959886336,3.778819233,4.052235765,2.73122828,2.384624958,2.946632518,2.15244823,2.041308861,2.345263895,2.088550424,1.9356426,2.181567515
3832,3.863159342,3.758423029,4.052235765,2.863995783,2.782927466,2.946632518,2.122184775,2.000877451,2.345263895,2.152780968,2.128334232,2.181567515
3849,3.861946519,3.758423029,4.052235765,2.85577204,2.782927466,2.946632518,2.143154062,2.000877451,2.45011033,2.151076408,2.128334232,2.181567515
3852,3.844632826,3.758423029,4.000294685,2.656449455,2.348664761,2.837756137,2.164139028,2.000877451,2.45011033,2.06240398,1.915550232,2.143327476
3922,3.927099266,3.775180763,4.005822349,2.622896673,2.348664761,2.837756137,2.259191764,2.000877451,2.516572539,1.99416359,1.915550232,2.143327476
3923,4.004027067,4.000294685,4.005964166,2.671312848,2.348664761,2.983004662,2.231094303,2.000877451,2.516572539,2.02588522,1.915550232,2.238492365
3982,4.021566727,4.005822349,4.052913666,2.670008857,2.344752789,2.983004662,2.328393648,2.025235798,2.516572539,2.028317208,1.922846198,2.238492365
3983,4.053911966,4.005964166,4.102858067,2.55680286,2.342651129,2.983004662,2.304036173,2.025235798,2.516572539,2.026234228,1.91736412,2.238492365
4006,3.97116942,3.757736528,4.102858067,2.472217976,2.342651129,2.72925001,2.278622043,2.025235798,2.516572539,1.986887329,1.91736412,2.120451667
4038,3.878367764,3.757736528,4.102858067,2.624248338,2.342651129,2.800843876,2.211632146,2.025235798,2.487374172,2.052533119,1.91736412,2.120451667
4073,3.838346703,3.757736528,3.982794885,2.732570767,2.667618415,2.800843876,2.267553459,2.035604751,2.487374172,2.055140089,1.925185029,2.120451667
4155,3.8442748,3.774508697,3.982794885,2.754243126,2.667618415,2.800843876,2.173328837,2.016251058,2.328322957,2.059968558,1.925185029,2.134937073
4165,3.913637155,3.775520818,3.982794885,2.781556421,2.667618415,2.88278376,2.138742175,2.016251058,2.304842364,2.088911234,1.925185029,2.206611601
4213,3.944639159,3.775520818,4.075800896,2.689269469,2.390757561,2.88278376,2.232942529,2.016251058,2.506606517,2.085669674,1.915460348,2.206611601
4235,3.942014344,3.767646375,4.075800896,2.687106104,2.390757561,2.88278376,2.268901046,2.016251058,2.506606517,2.077462904,1.915460348,2.206611601
4267,3.931146335,3.767646375,4.075800896,2.680647489,2.390757561,2.863407913,2.294029285,2.016251058,2.506606517,2.079510907,1.915460348,2.212755608
4273,3.823043546,3.751492531,3.949991733,2.788057821,2.712988559,2.863407913,2.396727545,2.155389651,2.529742363,2.143637115,2.107838975,2.212755608
4278,3.916674634,3.751492531,4.048539639,2.657943569,2.397434235,2.863407913,2.398148713,2.16249549,2.529742363,2.07731558,1.911352158,2.212755608
4302,3.856277783,3.751492531,4.048539639,2.603294568,2.397434235,2.712988559,2.366638926,2.16249549,2.529742363,2.046513889,1.911352158,2.120350533
4325,3.857819781,3.756118525,4.048539639,2.594974193,2.397434235,2.69946091,2.367906521,2.16249549,2.529742363,2.043501046,1.911352158,2.120350533
4344,3.854957328,3.756118525,4.039952278,2.591223312,2.386181593,2.69946091,2.314131637,2.161609141,2.529742363,2.043750909,1.912101746,2.120350533
4411,3.927343891,3.756118525,4.039952278,2.631934968,2.386181593,2.821595878,2.215781782,2.037993086,2.367753614,2.074983885,1.912101746,2.21404946
4423,4.007744457,3.985960871,4.039952278,2.611211771,2.386181593,2.821595878,2.290249403,2.037993086,2.534833594,2.009784149,1.903201241,2.21404946
4443,3.914579094,3.760456189,3.997320222,2.735059877,2.625857842,2.821595878,2.222437954,2.010000333,2.534833594,2.076760865,1.903201241,2.21404946
4451,3.83901881,3.759280019,3.997320222,2.686730336,2.625857842,2.75772591,2.17467229,2.010000333,2.534833594,2.041440369,1.903201241,2.113031895
4464,3.839704015,3.759280019,3.999375838,2.755740905,2.676607255,2.832889552,2.206961053,2.010000333,2.534833594,2.143783042,2.10808797,2.210229262
4487,3.909686032,3.759280019,3.999375838,2.645853638,2.428064108,2.832889552,2.296919299,2.010000333,2.534833594,2.074127335,1.904064775,2.210229262
4493,3.983455888,3.970402241,3.999375838,2.700741633,2.428064108,2.841271239,2.18834242,1.991949196,2.48778432,2.107664676,1.904064775,2.210229262
4526,3.975723687,3.970402241,3.980589587,2.62841086,2.428064108,2.841271239,2.2519635,1.991949196,2.48778432,1.997247402,1.878977439,2.208699992
4579,3.98332715,3.976179233,3.993212629,2.767829755,2.615897233,2.846320792,2.2986024,1.991949196,2.48778432,2.109494803,1.878977439,2.240806978
4613,3.976761735,3.960893342,3.993212629,2.677348143,2.569826404,2.846320792,2.239686899,1.991949196,2.48778432,2.004315339,1.878977439,2.240806978
4615,3.996563218,3.960893342,4.035583682,2.725709537,2.569826404,2.846320792,2.199968268,1.991949196,2.362119796,2.116515775,1.8931616,2.240806978
4648,3.919179629,3.761061864,4.035583682,2.661192913,2.569826404,2.760981415,2.236847308,2.028475449,2.362119796,2.068552798,1.8931616,2.215578747
4734,3.859585192,3.761061864,4.035583682,2.71589259,2.65277092,2.760981415,2.225941345,2.028475449,2.362119796,2.141180151,2.096918046,2.215578747
4742,3.821026687,3.761061864,3.919908167,2.659073304,2.590523558,2.733925434,2.187330041,2.028475449,2.289191165,2.018041631,1.846163184,2.111043662
4746,3.824172147,3.770498244,3.919908167,2.682345128,2.590523558,2.733925434,2.212966711,2.1566588,2.289191165,2.022256673,1.846163184,2.111043662
4784,3.942147284,3.770498244,4.136035442,2.564347133,2.37993145,2.722586392,2.226489039,2.1566588,2.356802805,1.945314517,1.846163184,2.109563173
4803,3.975262376,3.770498244,4.136035442,2.619473356,2.37993145,2.755902227,2.192727549,2.007536946,2.356802805,2.058300056,1.880217195,2.185119802
4808,3.973861228,3.766294797,4.136035442,2.589557054,2.37993145,2.755902227,2.167175002,2.007536946,2.356802805,2.048627782,1.880217195,2.185119802
4811,3.91885482,3.766294797,4.019253443,2.64602767,2.549343298,2.755902227,2.174170601,2.007536946,2.356802805,2.051671647,1.889348789,2.185119802
4832,3.905570575,3.766294797,3.979400709,2.578814644,2.549343298,2.632837485,2.190228311,2.007536946,2.356802805,1.948652019,1.876060918,2.080546351
4869,4.001366578,3.97101622,4.053682804,2.489325518,2.364370108,2.554263148,2.166153367,2.007536946,2.236947348,1.877996087,1.868578553,1.889348789
4902,4.006120506,3.979400709,4.053682804,2.570063212,2.364370108,2.79155638,2.171389043,2.033715326,2.236947348,1.98652369,1.868578553,2.214931599
4906,3.940436999,3.782350187,4.053682804,2.619345238,2.364370108,2.79155638,2.256944299,2.033715326,2.573589465,2.056529415,1.868578553,2.214931599
4908,3.922343473,3.782350187,3.999402225,2.671482757,2.520782667,2.79155638,2.222218611,2.030412828,2.573589465,2.060762446,1.881277646,2.214931599
4925,3.845578661,3.754983569,3.999402225,2.612713545,2.520782667,2.702109225,2.248230582,2.030412828,2.573589465,2.017576075,1.881277646,2.086078093
4932,3.895320511,3.754983569,3.999402225,2.632107112,2.520782667,2.760289925,2.248805559,2.030412828,2.573589465,2.053994088,1.881277646,2.19533213
4975,3.820845144,3.754983569,3.931575737,2.657132858,2.595859906,2.760289925,2.243197101,2.005673039,2.573589465,2.119655369,2.07826149,2.19533213
5001,3.825059569,3.767626847,3.931575737,2.684814447,2.595859906,2.760289925,2.239623783,2.005673039,2.555722873,2.115164294,2.07189926,2.19533213
5032,3.851595888,3.767626847,4.011184692,2.5607221,2.388012886,2.698293508,2.267478747,2.005673039,2.555722873,2.006743418,1.870069504,2.07826149
5075,3.909862568,3.767626847,4.011184692,2.522890796,2.388012886,2.698293508,2.253058858,2.005673039,2.555722873,1.945860907,1.870069504,2.07189926
5101,3.906400923,3.757241912,4.011184692,2.493811443,2.388012886,2.611055451,2.237522866,2.005673039,2.555722873,1.952248499,1.870069504,2.091062037
5104,3.8278314,3.757241912,3.950776165,2.597465153,2.482365994,2.698974014,2.309921383,2.161623006,2.555722873,2.02339999,1.895613957,2.091062037
5145,3.765338279,3.757241912,3.775476122,2.633954428,2.591833819,2.698974014,2.296326592,2.161623006,2.487748918,2.08271332,2.073553945,2.091062037
5149,3.848966371,3.763296803,4.008126189,2.691057022,2.591833819,2.782363232,2.319748352,2.161623006,2.487748918,2.128467609,2.073553945,2.228324905
5200,3.947265191,3.763296803,4.070372581,2.588178888,2.390339613,2.782363232,2.372117334,2.161623006,2.55675267,2.060172849,1.878639698,2.228324905
5201,4.034463332,4.008126189,4.070372581,2.641939646,2.390339613,2.782363232,2.388894078,2.245506725,2.55675267,2.099927919,1.878639698,2.228324905
5203,3.953198668,3.764332195,4.070372581,2.577482592,2.390339613,2.753116094,2.416057026,2.245506725,2.55675267,2.048735473,1.878639698,2.192819153
5233,3.920497066,3.764332195,4.024891226,2.707262482,2.588992068,2.779679283,2.354011586,2.177521717,2.55675267,2.173106955,2.074747569,2.251754143
5244,3.82930226,3.751306808,3.972267775,2.651164883,2.584823299,2.779679283,2.323879734,2.136137189,2.55675267,2.133901977,2.074747569,2.251754143
5267,3.887215894,3.751306808,3.972267775,2.621769783,2.500806767,2.779679283,2.297672796,2.136137189,2.503480369,2.064410139,1.866272056,2.251754143
5280,3.914367112,3.751306808,4.053721428,2.490920347,2.387130976,2.584823299,2.335312253,2.136137189,2.503480369,1.940311568,1.866272056,2.07520422
5290,3.983576911,3.938073099,4.053721428,2.455259265,2.387130976,2.500806767,2.250463714,2.079237675,2.433704011,1.872521801,1.866272056,1.879458427
5307,4.050014176,3.958936207,4.137384892,2.421791588,2.387130976,2.477840051,2.307982745,2.079237675,2.46511687,1.877334054,1.871834921,1.880708814
5327,3.955525895,3.770256585,4.137384892,2.481640071,2.400403738,2.566676424,2.348351853,2.079237675,2.46511687,1.933367126,1.871834921,2.047557644
5359,3.973664969,3.770256585,4.137384892,2.575410378,2.400403738,2.759150972,2.279295569,2.079237675,2.46511687,2.03655522,1.880708814,2.181399203
5403,3.946661363,3.770256585,4.056374073,2.579955272,2.41403842,2.759150972,2.237465397,2.079237675,2.46511687,2.036707093,1.881164432,2.181399203
5406,4.019585522,3.989029061,4.056374073,2.648509542,2.41403842,2.772339236,2.284778485,2.080436559,2.46511687,2.078811511,1.881164432,2.181399203
5541,3.94224863,3.781342755,4.056374073,2.613441677,2.41403842,2.772339236,2.203444296,2.058445927,2.337982728,2.043506462,1.881164432,2.173870898
5550,3.912638199,3.781342755,3.989029061,2.602142512,2.380140923,2.772339236,2.168669111,2.058445927,2.315803115,2.039584712,1.869399182,2.173870898
5561,3.836030373,3.759205585,3.96754278,2.528517432,2.380140923,2.653947377,2.211740715,2.058445927,2.315803115,2.002753796,1.869399182,2.075484057
5591,3.831356933,3.759205585,3.96754278,2.52723812,2.380140923,2.650109442,2.255075703,2.058445927,2.441228091,2.001447626,1.869399182,2.071565547
5605,3.824685386,3.759205585,3.94752814,2.539186718,2.415986717,2.650109442,2.257299568,2.058445927,2.441228091,2.004390688,1.878228368,2.071565547
5608,3.896515755,3.767322434,3.97469669,2.594423357,2.415986717,2.717173912,2.284973249,2.164106801,2.441228091,2.042388724,1.878228368,2.177372256
5623,4.006445352,3.94752814,4.097111225,2.51290712,2.405560732,2.717173912,2.267427328,2.076377197,2.441228091,1.972063138,1.860588789,2.177372256
5624,4.029796777,3.97469669,4.097111225,2.509950352,2.405560732,2.717173912,2.244195916,2.076377197,2.441228091,1.967775835,1.860588789,2.177372256
5630,3.957130212,3.756696993,4.097111225,2.449790429,2.405560732,2.536694142,2.220844491,2.076377197,2.326922439,1.931967605,1.860588789,2.069947568
5661,3.915859008,3.756696993,4.017582417,2.554912048,2.407116413,2.720925588,2.187137378,2.076377197,2.324470964,2.03362245,1.865366459,2.165553323
5665,3.9397228,3.756696993,4.089173794,2.522042232,2.308506966,2.720925588,2.157108115,2.046668019,2.324470964,2.034276233,1.867327809,2.165553323
5680,4.010378712,3.96866473,4.089173794,2.470089531,2.308506966,2.720925588,2.199328255,2.046668019,2.324470964,1.947781466,1.810463265,2.165553323
5705,4.015625606,3.96866473,4.089173794,2.341529105,2.308506966,2.380836039,2.267254209,2.046668019,2.519267289,1.843785169,1.810463265,1.867327809
5714,3.904357033,3.755368076,3.989038294,2.416260827,2.335244311,2.53270213,2.270194822,2.046668019,2.519267289,1.904882629,1.810463265,2.05062019
5776,3.907779189,3.755368076,3.989038294,2.42253798,2.335244311,2.53270213,2.263247494,2.046668019,2.519267289,1.903495073,1.806300598,2.05062019
5788,3.835348471,3.755368076,3.978931197,2.519993332,2.399667498,2.627610369,2.355582082,2.123650237,2.519267289,1.977395979,1.806300598,2.075267148
5810,3.913193221,3.77174614,3.988902328,2.578111304,2.399667498,2.707056046,2.371771322,2.123650237,2.519267289,2.038721389,1.806300598,2.23459642
5811,3.915058315,3.77174614,3.988902328,2.566726884,2.365514237,2.707056046,2.298477229,2.123650237,2.508340959,2.053575188,1.850861995,2.23459642
5812,4.025642262,3.984526476,4.103497982,2.453373657,2.287550688,2.707056046,2.235165623,2.022615998,2.508340959,1.979621972,1.850861995,2.23459642
5843,3.953167247,3.771477282,4.103497982,2.426221379,2.287550688,2.625599212,2.317897164,2.022615998,2.537307941,1.926514475,1.850861995,2.075273928
5856,3.972940796,3.771477282,4.103497982,2.410528171,2.287550688,2.625599212,2.248271507,2.022615998,2.537307941,1.941499068,1.853407502,2.075273928
5859,3.9945172,3.771477282,4.168227196,2.409106322,2.283285141,2.625599212,2.225147218,2.022615998,2.537307941,1.937718703,1.842066407,2.075273928
5903,4.103405438,4.043847124,4.168227196,2.436039041,2.283285141,2.706397367,2.218464936,2.022615998,2.537307941,1.97353318,1.842066407,2.18271736
5916,4.071996465,3.949620207,4.168227196,2.445735825,2.283285141,2.706397367,2.21739098,2.017246218,2.537307941,1.952897326,1.83390821,2.18271736
5917,3.937615342,3.765083825,4.098141993,2.52166036,2.347524968,2.706397367,2.207519921,2.017246218,2.487952644,2.020880308,1.83390821,2.18271736
5971,3.920502979,3.765083825,4.046804905,2.378015367,2.275462389,2.511058744,2.182371444,2.017246218,2.487952644,1.909190291,1.83390821,2.046015355
5977,3.932989358,3.765083825,4.046804905,2.503198874,2.275462389,2.72307549,2.137428656,2.017246218,2.487952644,2.032588562,1.847647309,2.204103023
6007,4.069726216,3.987079344,4.175294399,2.425272657,2.275462389,2.72307549,2.206045093,2.017246218,2.487952644,1.967620621,1.847647309,2.204103023
6008,4.046000429,3.975627543,4.175294399,2.436049002,2.277280092,2.72307549,2.255868508,2.028088711,2.487952644,1.966172169,1.843301954,2.204103023
6044,4.077941935,3.975627543,4.175294399,2.290105327,2.277280092,2.307791423,2.186346347,2.028088711,2.462467598,1.848726929,1.843301954,1.851767302
6092,3.937428009,3.753752621,4.082903862,2.366826493,2.285244465,2.50744359,2.222390792,2.028088711,2.462467598,1.911402051,1.843301954,2.039136897
6095,3.873408043,3.753752621,4.082903862,2.465191711,2.285244465,2.602887079,2.224295791,2.037613707,2.462467598,1.984560644,1.851767302,2.062777734
6117,3.872694377,3.753752621,4.080762863,2.469140082,2.297089577,2.602887079,2.159259684,2.037613707,2.266363297,1.984199877,1.850685,2.062777734
6121,3.954312185,3.783567647,4.080762863,2.526452684,2.297089577,2.679381397,2.111394007,2.027034912,2.214692513,2.042583524,1.850685,2.214287839
6149,4.018803291,3.977040966,4.080762863,2.41996105,2.283412175,2.679381397,2.180534443,2.027034912,2.486044019,1.967996294,1.839016042,2.214287839
6166,3.916440398,3.773674184,3.998606045,2.517067193,2.283412175,2.679381397,2.155614081,2.027034912,2.486044019,2.037130027,1.839016042,2.214287839
6198,3.902458078,3.773674184,3.977040966,2.518539283,2.283412175,2.683797666,2.193226954,2.027034912,2.486044019,2.025338591,1.839016042,2.178913531
6214,3.832340789,3.766689099,3.956659082,2.621415998,2.588408008,2.683797666,2.176234143,2.027034912,2.486044019,2.098837561,2.058086199,2.178913531
6241,3.900197153,3.766689099,3.977243276,2.657231613,2.592042321,2.695854852,2.214044808,2.052323011,2.486044019,2.132480025,2.059512954,2.178913531
6248,3.932683828,3.766689099,4.05411911,2.517189603,2.263671637,2.695854852,2.220042483,2.052323011,2.516032391,2.016966085,1.832371712,2.15901359
6304,4.004709111,3.977243276,4.05411911,2.545391273,2.263671637,2.695854852,2.258533913,2.052323011,2.516032391,2.053949699,1.832371712,2.170463796
6342,4.004717958,3.977269816,4.05411911,2.534104899,2.263671637,2.676647331,2.253388931,2.052323011,2.516032391,2.06902693,1.832371712,2.204245281
6361,3.909819213,3.769422875,3.982764948,2.637156946,2.572827777,2.676647331,2.346811785,2.199953165,2.51943728,2.145652669,2.06224893,2.204245281
6401,3.834745006,3.757542326,3.977269816,2.570752556,2.477434162,2.661995729,2.329294229,2.128500457,2.51943728,2.104677575,2.047538513,2.204245281
6432,3.764551286,3.757542326,3.769422875,2.541415967,2.477434162,2.573985962,2.287997464,2.128500457,2.51943728,2.055353152,2.047538513,2.06224893
6454,3.833306321,3.757542326,3.975687981,2.406994154,2.16956234,2.573985962,2.340843599,2.128500457,2.546778527,1.977120392,1.82755065,2.056272015
6484,3.944729852,3.766688657,4.091812918,2.304383323,2.16956234,2.573985962,2.331254089,2.128500457,2.546778527,1.893711235,1.79731104,2.056272015
6495,4.06152993,3.975687981,4.117088891,2.339181791,2.16956234,2.678381366,2.253796325,2.128500457,2.546778527,1.941458963,1.79731104,2.199515199
6541,3.991331266,3.76509199,4.117088891,2.440922833,2.169601667,2.678381366,2.256762115,2.13214846,2.546778527,2.018294004,1.79731104,2.199515199
6548,3.935121833,3.76509199,4.117088891,2.447835512,2.190339703,2.678381366,2.249661739,2.13214846,2.546778527,2.023387433,1.812591325,2.199515199
6580,3.8789087,3.76509199,3.948449494,2.44463987,2.190339703,2.668794441,2.24290261,2.13214846,2.512982881,2.022387639,1.812591325,2.196515816
6619,3.87821829,3.763020758,3.948449494,2.441582128,2.190339703,2.668794441,2.279047832,2.13214846,2.512982881,2.018132528,1.812591325,2.196515816
6621,3.895068277,3.763020758,3.973734579,2.445644827,2.2025278,2.668794441,2.283047191,2.143329404,2.512982881,2.020993877,1.821175373,2.196515816
6648,3.952252854,3.763020758,4.120003223,2.279103155,2.169169426,2.46561224,2.262934075,2.042763822,2.512982881,1.896962407,1.821175373,2.045290442
6667,4.02136985,3.970371748,4.120003223,2.17780388,2.161714413,2.2025278,2.236403112,2.042763822,2.512982881,1.822188401,1.820968426,1.824421406
6684,3.948897164,3.756316521,4.120003223,2.263330534,2.161714413,2.459107764,2.245007648,2.042763822,2.556005562,1.896439667,1.820968426,2.04392917
6728,3.834809168,3.756316521,3.970371748,2.388785685,2.161714413,2.545534877,2.207937636,2.042763822,2.556005562,1.975489597,1.820968426,2.061571195
6729,3.834725509,3.756316521,3.970120771,2.555544072,2.459107764,2.661989574,2.183264643,2.028780289,2.556005562,2.098932204,2.04392917,2.191296247
6730,3.921549655,3.777739235,4.01678896,2.463398586,2.182671309,2.661989574,2.21070265,2.028780289,2.556005562,2.024489754,1.820601821,2.191296247
6741,3.983117469,3.962442676,4.01678896,2.340102081,2.17564536,2.661989574,2.279754825,2.028780289,2.556005562,1.943707951,1.819225784,2.191296247
6758,3.921956926,3.786639142,4.01678896,2.296262527,2.17564536,2.530470914,2.212897187,2.028780289,2.486652747,1.892651354,1.819225784,2.038126458
6796,3.917955225,3.786639142,4.004783856,2.463618121,2.17564536,2.684738089,2.20540951,2.028780289,2.486652747,2.031989606,1.819225784,2.238616578
6805,3.949132653,3.786639142,4.05597496,2.472272156,2.201607466,2.684738089,2.202669426,2.015079869,2.486652747,2.032630994,1.821149945,2.238616578
6815,3.941733065,3.764440378,4.05597496,2.449097126,2.201607466,2.684738089,2.212913805,2.015079869,2.486652747,2.034573448,1.821149945,2.238616578
6867,3.919104837,3.764440378,4.05597496,2.287848882,2.200993356,2.460945825,2.184193682,2.015079869,2.343052133,1.908563224,1.821149945,2.043953821
6869,3.876250178,3.764440378,3.936899172,2.433796448,2.200993356,2.639450164,2.23563,2.015079869,2.478898957,2.039298017,1.860585905,2.213354325
6886,3.87962398,3.774561784,3.936899172,2.431748515,2.200993356,2.639450164,2.266275723,2.015079869,2.478898957,2.035351173,1.860585905,2.213354325
6890,3.827953968,3.774561784,3.927410985,2.540851195,2.454802026,2.639450164,2.283082223,2.099112369,2.478898957,2.095086802,2.03211329,2.213354325
6933,3.859211187,3.774561784,4.02118264,2.390458042,2.188270704,2.528301396,2.283625237,2.099112369,2.478898957,1.96187226,1.813710698,2.039792792
6936,3.976446244,3.781889135,4.126266956,2.301491596,2.187902689,2.528301396,2.320248444,2.099112369,2.526168173,1.891695786,1.813710698,2.039792792
6945,4.064272108,4.02118264,4.126266956,2.339254272,2.187902689,2.641589422,2.24800787,2.099112369,2.526168173,1.943524884,1.813710698,2.195280088
6950,4.052589866,3.986135914,4.126266956,2.353679365,2.187902689,2.641589422,2.256480907,2.099112369,2.526168173,1.952953471,1.821583867,2.195280088
6951,3.933778533,3.769832957,4.045366727,2.461362482,2.231545985,2.641589422,2.347224308,2.117696087,2.552829371,2.024980892,1.841996458,2.195280088
7034,3.941345792,3.769832957,4.068068504,2.317375456,2.209628344,2.51095204,2.404389474,2.117696087,2.552829371,1.902461594,1.827722192,2.037666131
7039,3.947169164,3.769832957,4.068068504,2.458988109,2.209628344,2.656383945,2.354685095,2.117696087,2.552829371,2.011906789,1.827722192,2.170332044
7041,4.023434964,3.998630359,4.068068504,2.359322891,2.209628344,2.656383945,2.332055488,2.004548056,2.552829371,1.956992503,1.827722192,2.170332044
7049,3.93069205,3.789839761,4.003606029,2.460463977,2.211956386,2.656383945,2.295203177,2.004548056,2.552829371,2.03028966,1.872923274,2.170332044
7086,3.928782004,3.789839761,3.998630359,2.294268284,2.157796866,2.513051599,2.273705032,2.004548056,2.519716655,1.903475617,1.789889913,2.047613662
7128,3.94495731,3.789839761,4.047156276,2.433240456,2.157796866,2.628872903,2.231914662,2.004548056,2.445338646,2.009412467,1.789889913,2.190733826
7131,4.003601909,3.965773559,4.047156276,2.320382237,2.157796866,2.628872903,2.200786743,2.004548056,2.445338646,1.915734444,1.766579593,2.190733826
7171,3.927723297,3.770240056,4.047156276,2.436488996,2.17447694,2.628872903,2.224040891,2.120818795,2.445338646,1.999095986,1.766579593,2.190733826
7191,3.929511774,3.770240056,4.052521706,2.294446269,2.17447694,2.506117146,2.206195798,2.032050064,2.445338646,1.874792514,1.766579593,2.039974539
7195,3.918302092,3.770240056,4.052521706,2.449343749,2.202744722,2.639169379,2.169248776,2.032050064,2.310764801,2.001268301,1.81782341,2.146006953
7217,4.038722155,3.932144514,4.131500244,2.349092617,2.202744722,2.639169379,2.129438879,2.032050064,2.260603536,1.928632303,1.81782341,2.146006953
7232,3.94022461,3.75702907,4.131500244,2.422871909,2.20536375,2.639169379,2.195733793,2.032050064,2.453481251,2.005184638,1.822066545,2.146006953
7255,3.95003555,3.75702907,4.131500244,2.260384943,2.15170848,2.424082598,2.219559054,2.032050064,2.453481251,1.887836518,1.793962593,2.047480415
7275,3.823924226,3.753166273,3.961577337,2.326494553,2.15170848,2.424082598,2.214533037,2.006919981,2.453481251,1.9590516,1.793962593,2.047480415
7350,3.90652171,3.753166273,4.004821521,2.390774305,2.15170848,2.616921856,2.213748541,2.006919981,2.453481251,2.001885485,1.793962593,2.175982068
7362,3.845977892,3.753166273,4.004821521,2.501508668,2.40369258,2.616921856,2.193116179,2.006919981,2.453481251,2.081370715,2.032418285,2.175982068
7416,3.844008709,3.747258722,4.004821521,2.499346986,2.397207533,2.616921856,2.202131823,2.006919981,2.498559475,2.080729929,2.032418285,2.175982068
7440,3.832232325,3.747258722,3.96949237,2.495652958,2.397207533,2.605839773,2.188796336,2.006919981,2.498559475,2.08795029,2.032418285,2.197643151
7462,3.829229429,3.747258722,3.96949237,2.498077321,2.397207533,2.605839773,2.210793455,2.008553507,2.498559475,2.09106048,2.033789433,2.197643151
7470,3.94441181,3.770937196,4.092805862,2.418582276,2.158722401,2.605839773,2.255124387,2.008553507,2.498559475,2.021384028,1.824760079,2.197643151
7472,3.953046639,3.770937196,4.092805862,2.286785938,2.158722401,2.491184655,2.274018168,2.103022414,2.498559475,1.883856972,1.785061982,2.041748854
7484,4.038663537,3.995396857,4.092805862,2.332968494,2.158722401,2.629732325,2.177428191,2.015609591,2.478335714,1.937891588,1.785061982,2.203852704
7495,4.033130319,3.995396857,4.076206207,2.300434292,2.061119795,2.629732325,2.160237661,2.015609591,2.478335714,1.934896813,1.785061982,2.203852704
7511,3.954893091,3.760685175,4.076206207,2.364576428,2.061119795,2.629732325,2.187371779,2.015609591,2.478335714,2.016566478,1.815775752,2.203852704
7533,3.937886579,3.760685175,4.076206207,2.223458104,2.061119795,2.402877163,2.197591248,2.015609591,2.529433058,1.885409024,1.81038034,2.030070979
7539,3.834711645,3.760685175,3.976768355,2.362047074,2.206377355,2.476886704,2.197124059,2.015609591,2.529433058,1.958021247,1.81038034,2.033612423
7555,3.945196811,3.766681404,4.092140675,2.246560588,2.056417704,2.476886704,2.241164617,2.087315009,2.529433058,1.887240825,1.81038034,2.033612423
7567,3.983937492,3.766681404,4.092990398,2.196217363,2.055347681,2.476886704,2.24074083,2.085196071,2.529433058,1.88903862,1.815773726,2.033612423
7572,3.981904212,3.760581563,4.092990398,2.196056428,2.055347681,2.476403898,2.297202834,2.085196071,2.534886188,1.891157655,1.815773726,2.039969527
7611,3.873362134,3.760581563,4.092990398,2.336455592,2.055347681,2.477615196,2.24409801,2.085196071,2.534886188,1.976432939,1.815773726,2.073555565
7622,3.842264634,3.760581563,3.999697898,2.412801235,2.284384609,2.477615196,2.257414526,2.085196071,2.534886188,1.965439892,1.782794583,2.073555565
7652,3.926426829,3.766514441,4.013068149,2.456851319,2.284384609,2.608554153,2.234969979,2.085196071,2.534886188,2.014881484,1.782794583,2.188294303
7665,3.928311052,3.77216711,4.013068149,2.451031336,2.284384609,2.608554153,2.235183278,2.086262568,2.534886188,1.995185377,1.782794583,2.188294303
7675,3.850584817,3.766519191,4.013068149,2.483453159,2.381650078,2.608554153,2.229898566,2.086262568,2.50846263,2.076764846,2.014467246,2.188294303
7697,3.766405106,3.760529017,3.77216711,2.440119477,2.381650078,2.478553108,2.220308392,2.086262568,2.50846263,2.022270429,2.014467246,2.027532989
7713,3.767598876,3.760529017,3.775748419,2.441710506,2.381650078,2.478553108,2.202411586,2.07778502,2.50846263,2.027531122,2.024811051,2.030249326
7773,3.893105713,3.760529017,4.143039703,2.33512012,2.06187892,2.478553108,2.176581547,1.994439454,2.50846263,1.959427393,1.823221803,2.030249326
7808,3.89349563,3.761698767,4.143039703,2.303298824,2.06187892,2.464928332,2.205800411,1.994439454,2.50846263,1.962143067,1.823221803,2.032958071
7814,3.955280823,3.761698767,4.143039703,2.345071631,2.06187892,2.590246753,2.122042458,1.994439454,2.232356888,2.011913281,1.823221803,2.17955997
7839,3.933329783,3.761698767,4.077186584,2.341635384,2.051570177,2.590246753,2.080064744,1.994439454,2.232356888,2.015617392,1.834334135,2.17955997
7877,4.036381113,3.961103998,4.077186584,2.232247855,2.051570177,2.590246753,2.158288793,1.994439454,2.468905265,1.951408792,1.834334135,2.17955997
7894,3.971054027,3.76512274,4.077186584,2.188495308,2.051570177,2.458989112,2.175823336,2.006069493,2.468905265,1.897999711,1.834334135,2.019332727
7940,3.955474912,3.76512274,4.070852757,2.362038749,2.054926634,2.5722005,2.194016686,2.006069493,2.468905265,2.018886863,1.84033227,2.196995591
7942,3.959966718,3.76512274,4.084328175,2.362730798,2.057002783,2.5722005,2.189240549,2.006069493,2.468905265,2.02004816,1.843816161,2.196995591
7954,3.961963607,3.771113409,4.084328175,2.360206128,2.057002783,2.5722005,2.279488995,2.065792178,2.468905265,2.019541232,1.843816161,2.196995591
7980,3.938334656,3.771113409,4.084328175,2.363499484,2.057002783,2.582080566,2.23870589,2.065792178,2.457311723,2.023559556,1.843816161,2.209050563
7990,3.924248886,3.771113409,4.042070866,2.359078647,2.043740273,2.582080566,2.221651819,1.996841817,2.457311723,2.023040876,1.842260122,2.209050563
8008,3.922711922,3.766502517,4.042070866,2.360698966,2.043740273,2.582080566,2.241323052,1.996841817,2.457311723,2.022491716,1.842260122,2.209050563
8010,3.856416677,3.76067665,4.042070866,2.293817888,2.043740273,2.45627606,2.244074568,1.996841817,2.457311723,1.959106643,1.842260122,2.018895342
8023,3.823249411,3.76067665,3.942569067,2.317464996,2.114681595,2.45627606,2.240813938,1.996841817,2.441008577,1.943757182,1.79621174,2.018895342
8041,3.901241752,3.76067665,4.00047954,2.357873747,2.114681595,2.577502315,2.256770957,1.996841817,2.441008577,1.988414242,1.79621174,2.150135645
8047,3.955419254,3.923209154,4.00047954,2.428275028,2.114681595,2.592641173,2.345277169,2.079549755,2.441008577,2.044985774,1.79621174,2.188609938
8088,3.893664311,3.757304238,4.00047954,2.515554097,2.376518804,2.592641173,2.259546519,1.993026554,2.441008577,2.120441728,2.022579601,2.188609938
8154,3.81140366,3.753697589,3.923209154,2.47341679,2.376518804,2.592641173,2.295102309,1.993026554,2.441008577,2.072074583,2.005034211,2.188609938
8160,3.758225288,3.753697589,3.763674036,2.40029908,2.373288045,2.451090392,2.293259628,1.993026554,2.43937288,2.018342706,2.005034211,2.027414306
8162,3.857985554,3.753697589,4.056585037,2.474846046,2.373288045,2.600159701,2.280991931,1.993026554,2.43937288,2.068730728,2.005034211,2.173743667
8192,3.973460985,3.763674036,4.100123882,2.343565287,2.057248116,2.600159701,2.250684563,1.993026554,2.431795172,2.011048372,1.831987143,2.173743667
8210,3.974895544,3.767977711,4.100123882,2.347483362,2.057248116,2.600159701,2.315824365,2.257328704,2.431795172,2.006628624,1.831987143,2.173743667
8216,3.881601583,3.767977711,4.100123882,2.292205869,2.057248116,2.434327223,2.258813305,1.972273403,2.431795172,1.951833116,1.831987143,2.014155063
8230,3.8594792,3.767977711,4.033756733,2.259679893,1.959670186,2.434327223,2.261995174,1.972273403,2.447704515,1.951869396,1.832095981,2.014155063
8256,3.854794677,3.753924142,4.033756733,2.254650536,1.959670186,2.434327223,2.269181441,1.972273403,2.447704515,1.953064222,1.832095981,2.017739542
8270,3.848904742,3.753924142,4.033756733,2.253722386,1.959670186,2.431542773,2.289697382,1.972273403,2.447704515,1.954801062,1.832095981,2.017739542
8275,3.878753,3.753924142,4.123301506,2.251030242,1.951593757,2.431542773,2.221885245,1.972273403,2.447704515,1.956021328,1.835756779,2.017739542
8290,3.96238788,3.759033352,4.123301506,2.313970458,1.951593757,2.558774843,2.310918276,1.979664876,2.447704515,1.994864682,1.835756779,2.134269602
8319,3.962231524,3.758564283,4.123301506,2.290329588,1.951593757,2.558774843,2.216235798,1.974292129,2.417438557,1.998075832,1.835756779,2.134269602
8336,3.920896609,3.758564283,4.004828784,2.476730466,2.360620163,2.558774843,2.175873058,1.974292129,2.417438557,2.116430463,2.024201116,2.19082067
8350,3.932272403,3.758564283,4.038956165,2.277319585,1.960542202,2.510796391,2.183623628,1.974292129,2.429168601,2.016782382,1.83532536,2.19082067
8378,4.009406349,3.989966121,4.038956165,2.200221695,1.960542202,2.510796391,2.227043905,1.974292129,2.429168601,1.944298043,1.806748099,2.19082067
8386,4.046224662,3.989966121,4.109751701,2.018960009,1.960542202,2.129326493,2.208768879,1.974292129,2.429168601,1.825875861,1.806748099,1.835554123
8418,3.957174551,3.77180583,4.109751701,2.173829091,1.967011333,2.425149447,2.252833771,2.117553978,2.429168601,1.882918895,1.806748099,2.006454462
8420,3.968116127,3.77180583,4.109751701,2.301638097,1.967011333,2.512753511,2.320592822,2.194616588,2.456349235,2.009642727,1.835554123,2.186919596
8439,3.959455334,3.77180583,4.083769321,2.271321346,1.876061082,2.512753511,2.318736561,2.194616588,2.456349235,2.008764353,1.832919002,2.186919596
8473,3.958430547,3.768731468,4.083769321,2.270186311,1.876061082,2.512753511,2.271477521,1.96047106,2.456349235,2.008110495,1.832919002,2.186919596
8494,3.941487549,3.768731468,4.083769321,2.278273727,1.876061082,2.53701576,2.258531056,1.96047106,2.456349235,1.993544461,1.832919002,2.143221493
8498,3.833706041,3.760424797,3.971961858,2.440367969,2.362343809,2.53701576,2.264862008,1.96047106,2.456349235,2.054071961,2.004492888,2.143221493
8548,3.898667698,3.760424797,3.971961858,2.369490196,2.209111018,2.53701576,2.212712938,1.96047106,2.419887295,1.979168875,1.77978363,2.143221493
8551,3.888766571,3.760424797,3.963616438,2.362341445,2.209111018,2.515569509,2.173870095,1.96047106,2.261331103,1.984033655,1.77978363,2.157815832
8566,3.89270988,3.772254723,3.963616438,2.360844436,2.209111018,2.515569509,2.171299342,1.947617293,2.261331103,1.984318937,1.77978363,2.157815832
8593,3.927482393,3.772254723,4.067933978,2.320227054,2.087258872,2.515569509,2.145511207,1.947617293,2.226271347,1.992226346,1.803505858,2.157815832
8613,3.870455366,3.771177397,4.067933978,2.269868352,2.087258872,2.364493402,2.13123093,1.947617293,2.225673082,1.943323898,1.803505858,2.015357348
8665,3.87259942,3.771177397,4.067933978,2.289061458,2.087258872,2.415432099,2.149812439,1.947617293,2.28851143,1.942020612,1.803505858,2.011447488
8672,3.765683641,3.747186641,3.778686885,2.384372503,2.364493402,2.415432099,2.125389204,1.947617293,2.28851143,2.01147672,2.011108489,2.011874182
8687,3.864101047,3.747186641,4.066429615,2.223830322,1.882866859,2.415432099,2.128804728,1.964694916,2.28851143,1.951925252,1.832454085,2.011874182
8707,3.863735446,3.747186641,4.066429615,2.214848878,1.882866859,2.388487766,2.157215886,1.964694916,2.28851143,1.950955158,1.832454085,2.011874182
8744,3.98341093,3.777590082,4.106213093,2.051522437,1.882866859,2.388487766,2.217041246,1.964694916,2.453996768,1.890739054,1.831225872,2.008537206
8774,3.881702764,3.761305118,4.106213093,2.207619674,1.883212686,2.388487766,2.155881572,1.964694916,2.453996768,1.9512792,1.831225872,2.014074522
8777,3.989040462,3.761305118,4.106213093,2.039581959,1.883212686,2.351158572,2.176138692,1.964694916,2.453996768,1.893445398,1.831225872,2.014074522
8812,3.976229755,3.761305118,4.099603176,2.010174418,1.794990063,2.351158572,2.177576506,1.971883982,2.453996768,1.894341495,1.833914161,2.014074522
8813,3.982000861,3.778618436,4.099603176,2.021751003,1.794990063,2.385888329,2.138050604,1.971883982,2.453996768,1.889206909,1.833914161,1.998670765
8851,3.872035092,3.769705868,4.067780972,2.170220027,1.794990063,2.385888329,2.035335083,1.940419163,2.204842504,1.944181869,1.833914161,1.999960682
8866,3.851691546,3.769705868,4.006750335,2.265488981,2.080796925,2.385888329,2.058909964,1.940419163,2.204842504,1.923572206,1.77208517,1.999960682
8904,3.949726372,3.769705868,4.072722912,2.061489902,1.773891091,2.329781689,2.009037711,1.940419163,2.100587462,1.867272258,1.77208517,1.999960682
8907,4.007301929,3.94243254,4.072722912,2.116144498,1.773891091,2.493745478,2.055148959,1.940419163,2.202440226,1.891873104,1.77208517,2.073763219
8954,3.930710343,3.776975576,4.072722912,2.216337492,1.773891091,2.493745478,2.049732022,1.940419163,2.202440226,1.967540003,1.829770923,2.073763219
8959,3.904721954,3.776975576,3.994757745,2.293691777,2.005953944,2.493745478,2.086169642,1.955481238,2.202440226,1.943566384,1.757850066,2.073763219
8989,3.91588831,3.776975576,3.994757745,2.29060427,2.005953944,2.484482959,2.078960732,1.955481238,2.202440226,1.98348424,1.757850066,2.193516787
8995,3.91129388,3.763192287,3.994757745,2.289756017,2.005953944,2.484482959,2.202440226,2.202440226,2.202440226,1.983057879,1.757850066,2.193516787
9012,3.9612729,3.763192287,4.144694805,2.209239905,1.764405608,2.484482959,2.171299342,1.947617293,2.261331103,2.00463555,1.822583079,2.193516787
9019,3.889827741,3.76159613,4.144694805,2.15823712,1.764405608,2.378831146,2.145511207,1.947617293,2.226271347,1.945015487,1.822583079,2.014656599
9029,3.96416117,3.76159613,4.144694805,2.025674041,1.764405608,2.331474605,2.13123093,1.947617293,2.225673082,1.859570668,1.741472327,2.014656599
9042,3.844912221,3.76159613,3.986192574,2.229722205,1.981141911,2.3765501,2.149812439,1.947617293,2.28851143,1.916106126,1.741472327,2.014656599
9072,3.845653345,3.763819501,3.986192574,2.246766786,1.981141911,2.382608346,2.125389204,1.947617293,2.28851143,1.906855002,1.741472327,1.992189453
9145,3.875387364,3.763819501,4.07539463,2.172885204,1.759497166,2.382608346,2.128804728,1.964694916,2.28851143,1.93236767,1.81801033,1.992189453
9186,3.867267151,3.76258732,4.07539463,2.160599239,1.759497166,2.382608346,2.157215886,1.964694916,2.28851143,1.93726493,1.81801033,2.006881234
9190,3.866957139,3.76258732,4.07539463,2.147965623,1.759497166,2.344707498,2.217041246,1.964694916,2.453996768,1.945359736,1.81801033,2.011187644
9238,3.837609122,3.76258732,3.987350579,2.388649185,2.339692205,2.48154785,2.155881572,1.964694916,2.453996768,2.057635353,2.006881234,2.154837181
9274,3.911943032,3.762889467,3.987350579,2.270098348,1.984039695,2.48154785,2.176138692,1.964694916,2.453996768,1.991975236,1.809900884,2.154837181
9307,4.012231078,3.985589051,4.063753605,2.075746552,1.761652112,2.48154785,2.177576506,1.971883982,2.453996768,1.923734405,1.806465149,2.154837181
9315,4.005979382,3.96859549,4.063753605,2.070189713,1.761652112,2.464877333,2.138050604,1.971883982,2.453996768,1.934723485,1.806465149,2.187804423
9342,4.012569935,3.96859549,4.063753605,2.115652088,1.761652112,2.464877333,2.035335083,1.940419163,2.204842504,1.923217812,1.775383865,2.187804423
9393,3.909657796,3.755017189,4.005360709,2.29994925,2.120426818,2.464877333,2.058909964,1.940419163,2.204842504,1.990334435,1.775383865,2.187804423
9420,3.90012344,3.755017189,4.005360709,2.167527493,2.067612061,2.314543599,2.009037711,1.940419163,2.100587462,1.837516898,1.72935181,2.007815017
9434,3.92356774,3.755017189,4.075693607,2.045804263,1.75525713,2.314543599,2.055148959,1.940419163,2.28851143,1.847530744,1.72935181,2.007815017
9465,4.00018663,3.939992422,4.075693607,2.094354242,1.75525713,2.460193537,2.049732022,1.940419163,2.28851143,1.90497951,1.72935181,2.180161315
9475,3.945018234,3.774487234,4.075693607,2.186986281,1.75525713,2.460193537,2.086169642,1.955481238,2.453996768,1.990130404,1.805425406,2.180161315
9502,3.842938495,3.76945439,3.98487386,2.370943968,2.307130193,2.460193537,2.078960732,1.955481238,2.453996768,2.054975999,1.984804492,2.180161315
9525,3.840542023,3.76945439,3.977684445,2.378244221,2.307130193,2.482094294,2.202440226,2.202440226,2.202440226,2.049954788,1.984804492,2.165097683
9582,3.906116453,3.76945439,3.977684445,2.270675764,2.022802805,2.482094294,2.177576506,1.971883982,2.453996768,1.983030981,1.784033071,2.165097683
9584,4.009464261,3.971210523,4.079497814,2.082149857,1.741552472,2.482094294,2.138050604,1.971883982,2.453996768,1.918802811,1.784033071,2.165097683
9587,4.052099401,3.971210523,4.105589867,1.836772791,1.741552472,2.022802805,2.035335083,1.940419163,2.204842504,1.799786532,1.784033071,1.808048844
9592,3.984960689,3.769794386,4.105589867,1.945438435,1.741552472,2.348799735,2.058909964,1.940419163,2.204842504,1.869534574,1.807277679,1.993277199
9642,3.949313632,3.769794386,4.105589867,2.019184693,1.745963097,2.348799735,2.009037711,1.940419163,2.43937288,1.851804912,1.754088691,1.993277199
9651,3.890475977,3.769794386,3.972556643,2.112138283,1.962791246,2.348799735,2.055148959,1.940419163,2.43937288,1.857299139,1.754088691,1.993277199
9654,3.995487795,3.929076902,4.08482984,2.13979207,1.962791246,2.431761095,2.049732022,1.940419163,2.431795172,1.912097138,1.754088691,2.157671195
9697,3.930672981,3.778112202,4.08482984,2.267328643,2.024823869,2.431761095,2.086169642,1.955481238,2.431795172,1.991817002,1.824531528,2.157671195
9734,3.943457756,3.778112202,4.08482984,2.272085957,2.039095812,2.431761095,2.078960732,1.955481238,2.431795172,1.963403182,1.739290068,2.157671195
9744,3.909377533,3.778112202,3.982589172,2.270388269,2.039095812,2.426668031,2.202440226,2.202440226,2.447704515,1.965932969,1.739290068,2.165260556
9763,4.007535008,3.967431225,4.072584629,2.073136739,1.753646374,2.426668031,2.171299342,1.947617293,2.447704515,1.904175385,1.739290068,2.165260556
9767,4.052877084,3.982589172,4.103457451,1.979194119,1.753646374,2.426668031,2.145511207,1.947617293,2.447704515,1.926988404,1.807729125,2.165260556
9769,4.04487066,3.958569901,4.103457451,1.856440578,1.753646374,2.058407409,2.13123093,1.947617293,2.447704515,1.794299748,1.76719459,1.807975531
9802,4.012443633,3.958569901,4.103457451,2.089854943,1.757267952,2.453889467,2.149812439,1.947617293,2.447704515,1.913496982,1.76719459,2.165567232
9809,4.021656922,3.958569901,4.131097317,2.060670442,1.669714451,2.453889467,2.125389204,1.947617293,2.417438557,1.911578785,1.76719459,2.165567232
9866,3.957613455,3.766439499,4.131097317,2.15206329,1.669714451,2.453889467,2.128804728,1.964694916,2.417438557,1.988665006,1.801974535,2.165567232
9874,3.882798433,3.750858483,4.131097317,2.101890781,1.669714451,2.332585952,2.157215886,1.964694916,2.429168601,1.937722423,1.801974535,2.012739482
9932,3.868722995,3.750858483,4.088871002,2.097645102,1.656977415,2.332585952,2.217041246,1.964694916,2.429168601,1.934291262,1.791681051,2.012739482
9933,3.86846018,3.750858483,4.088871002,2.084537452,1.656977415,2.303371939,2.128804728,1.964694916,2.204842504,1.936268639,1.791681051,2.012739482
9951,3.953162155,3.765651053,4.088871002,2.12685224,1.656977415,2.430316304,2.157215886,1.964694916,2.204842504,1.995088742,1.791681051,2.189199791
9974,3.842823237,3.75785425,4.00496441,2.339458837,2.293263001,2.430316304,2.217041246,1.964694916,2.100587462,2.068126969,2.004385385,2.189199791
9975,3.843827137,3.75785425,4.00496441,2.355073249,2.294797206,2.430316304,2.155881572,1.964694916,2.202440226,2.069714465,2.009147872,2.189199791
10011,3.763258501,3.75785425,3.768662752,2.317451722,2.294797206,2.340106237,2.176138692,1.964694916,2.456349235,2.009971802,2.009147872,2.010795732
10026,3.768662752,3.768662752,3.768662752,2.340106237,2.340106237,2.340106237,2.177576506,1.971883982,2.453996768,2.009147872,2.009147872,2.009147872
